Oligo_Identity,Old_title,New_title,oligo_flag,sub-library,Sequence
1,Rand_long1,Random 1,FALSE,Type,CGCCCCAGCACTGCCAAGCCGACGTTAAAACGGGTTGCTTCATCAATCGAATGTCAATACATAGTCACGTGACACGCGGTAGGCTCGCTATCGGCACTTGCGCTTGAGTGCATCGAATAGTTCGGTTTATGAGCGTCCGGCGGTATGAC
2,GT_AC_45bp,GT/AC 45bp,FALSE,Length,CGCCCCAGCACTGCCAAGTGTGTGTGTGTGTGTGTGTGTGTGTGTGTGTGTGTGTGTGTGTGTGTCACGTGACACACACACACACACACACACACACACACACACACACACACACACAAGTTCGGTTTATGAGCGTCCGGCGGTATGAC
3,GC_GC_repeat,CG/CG 60bp,FALSE,Type,CGCGCGCGCGCGCGCGCGCGCGCGCGCGCGCGCGCGCGCGCGCGCGCGCGCGCGCGCGCGCGCGTCACGTGACGCGCGCGCGCGCGCGCGCGCGCGCGCGCGCGCGCGCGCGCGCGCGCGCGCGCGCGCGCGCCGTCCGGCGGTATGAC
4,GC_AT_30+30+0,CG/AT 30bp distance,TRUE,Distance,CGCGCGCGCGCGCGCGCGCGCGCGCGCGCGCGCGTTGCTTCATCAATCGAATGTCAATACATAGTCACGTGACACGCGGTAGGCTCGCTATCGGCACTTGCGCTATATATATATATATATATATATATATATACGTCCGGCGGTATGAC
5,GA_CT_30+30+0,AG/CT 30bp distance,FALSE,Distance,CGCGAGAGAGAGAGAGAGAGAGAGAGAGAGAGAGTTGCTTCATCAATCGAATGTCAATACATAGTCACGTGACACGCGGTAGGCTCGCTATCGGCACTTGCGCCTCTCTCTCTCTCTCTCTCTCTCTCTCTCTCGTCCGGCGGTATGAC
6,GT_scrambled_7,GT/AC scrambled 7,FALSE,Fidelity,CGCTGGTTTGGTTTGTGGGTGGGGTTTGTTTTGGTGTTTGTTGTGGGTGGTTTGGGTGGGGTTGTCACGTGACAACCCCACCCAAACCACCCACAACAAACACCAAAACAAACCCCACCCACAAACCAAACCACGTCCGGCGGTATGAC
7,Rand_long2,Random 2,FALSE,Type,CGCGTTTAACGCGGACGCGTAATCCTTTCCACATCGTGGCGCCTGCCGATCCCGACTGGACTTGTCACGTGACGAATGGAATGGTTCCGACAATAGATCAACAAGAAGTGGTAAGTAGGCTCACATTGCTTTCCGTCCGGCGGTATGAC
8,GT_AC_60bp,GT/AC 60bp,FALSE,Type/length,CGCGTGTGTGTGTGTGTGTGTGTGTGTGTGTGTGTGTGTGTGTGTGTGTGTGTGTGTGTGTGTGTCACGTGACACACACACACACACACACACACACACACACACACACACACACACACACACACACACACACCGTCCGGCGGTATGAC
9,AT_AT_repeat,AT/AT 60bp,FALSE,Type,CGCATATATATATATATATATATATATATATATATATATATATATATATATATATATATATATGTCACGTGACATATATATATATATATATATATATATATATATATATATATATATATATATATATATATATCGTCCGGCGGTATGAC
10,GC_AT_45+15+0,CG/AT 45bp distance,TRUE,Distance,CGCGCGCGCGCGCGCGCGCCGACGTTAAAACGGGTTGCTTCATCAATCGAATGTCAATACATAGTCACGTGACACGCGGTAGGCTCGCTATCGGCACTTGCGCTTGAGTGCATCGAATTATATATATATATATCGTCCGGCGGTATGAC
11,GA_CT_45+15+0,AG/CT 45bp distance,FALSE,Distance,CGCGAGAGAGAGAGAGAGCCGACGTTAAAACGGGTTGCTTCATCAATCGAATGTCAATACATAGTCACGTGACACGCGGTAGGCTCGCTATCGGCACTTGCGCTTGAGTGCATCGAATTCTCTCTCTCTCTCTCGTCCGGCGGTATGAC
12,RY_repeat,RY wildcard 60bp,TRUE,Type,CGCATRYRYATRYRYATRYRYATRYRYATRYRYATRYRYATRYRYATRYRYATRYRYATRYRYGTCACGTGACRYRYATRYRYATRYRYATRYRYATRYRYATRYRYATRYRYATRYRYATRYRYATRYRYATCGTCCGGCGGTATGAC
13,GC_AT_15bp,CG/AT 15bp,TRUE,Length,CGCCCCAGCACTGCCAAGCCGACGTTAAAACGGGTTGCTTCATCAATCCGCGCGCGCGCGCGCGTCACGTGACATATATATATATATATATCGGCACTTGCGCTTGAGTGCATCGAATAGTTCGGTTTATGAGCGTCCGGCGGTATGAC
14,GA_CT_15bp,AG/CT 15bp,FALSE,Length,CGCCCCAGCACTGCCAAGCCGACGTTAAAACGGGTTGCTTCATCAATCGGAGAGAGAGAGAGAGTCACGTGACTCTCTCTCTCTCTCTTATCGGCACTTGCGCTTGAGTGCATCGAATAGTTCGGTTTATGAGCGTCCGGCGGTATGAC
15,ACTG_repeat,ACTG/AGTC 60bp,FALSE,Type,CGCACTGACTGACTGACTGACTGACTGACTGACTGACTGACTGACTGACTGACTGACTGACTGGTCACGTGACCAGTCAGTCAGTCAGTCAGTCAGTCAGTCAGTCAGTCAGTCAGTCAGTCAGTCAGTCAGTCGTCCGGCGGTATGAC
16,GT_AC_10+30+20,GT/AC 10bp distance,FALSE,Distance,CGCCCCAGCACTGCCAAGCCGACGTGTGTGTGTGTGTGTGTGTGTGTGTGTGTTCAATACATAGTCACGTGACACGCGGTAGGACACACACACACACACACACACACACACACCGAATAGTTCGGTTTATGAGCGTCCGGCGGTATGAC
17,GT_scrambled_1,GT/AC scrambled 1,FALSE,Fidelity,CGCGTGTGTGTGTGTGTGTGTGTGTGTGTGTGTGTGTGTGTGTGTGTGTTTGTGGGTGTGTGTGTCACGTGACACACACACCCACAAACACACACACACACACACACACACACACACACACACACACACACACCGTCCGGCGGTATGAC
18,KM_repeat,KM wildcard 60bp,TRUE,Type,CGCKMKMKMKMKMKMKMKMKMKMKMKMKMKMKMKMKMKMKMKMKMKMKMKMKMKMKMKMKMKMGTCACGTGACKMKMKMKMKMKMKMKMKMKMKMKMKMKMKMKMKMKMKMKMKMKMKMKMKMKMKMKMKMKMCGTCCGGCGGTATGAC
19,GC_AT_30bp,CG/AT 30bp,TRUE,Length,CGCCCCAGCACTGCCAAGCCGACGTTAAAACGCGCGCGCGCGCGCGCGCGCGCGCGCGCGCGCGTCACGTGACATATATATATATATATATATATATATATATTTGAGTGCATCGAATAGTTCGGTTTATGAGCGTCCGGCGGTATGAC
20,GA_CT_30bp,AG/CT 30bp,FALSE,Length,CGCCCCAGCACTGCCAAGCCGACGTTAAAACGGGAGAGAGAGAGAGAGAGAGAGAGAGAGAGAGTCACGTGACTCTCTCTCTCTCTCTCTCTCTCTCTCTCTCTTGAGTGCATCGAATAGTTCGGTTTATGAGCGTCCGGCGGTATGAC
21,ATCG_repeat,ATCG/ATCG 60bp,FALSE,Type,CGCATCGATCGATCGATCGATCGATCGATCGATCGATCGATCGATCGATCGATCGATCGATCGGTCACGTGACCGATCGATCGATCGATCGATCGATCGATCGATCGATCGATCGATCGATCGATCGATCGATCGTCCGGCGGTATGAC
22,GT_AC_20+30+10,GT/AC 20bp distance,FALSE,Distance,CGCCCCAGCACTGGTGTGTGTGTGTGTGTGTGTGTGTGTGTGTCAATCGAATGTCAATACATAGTCACGTGACACGCGGTAGGCTCGCTATCGACACACACACACACACACACACACACACACGGTTTATGAGCGTCCGGCGGTATGAC
23,GT_scrambled_2,GT/AC scrambled 2,FALSE,Fidelity,CGCGTGTGTGTGTGTGTGTGTGTGTGTGGGTGTGTGTGTGTTTGTGTGTTTGTGGGTGTGTGTGTCACGTGACACACACACCCACAAACACACAAACACACACACACCCACACACACACACACACACACACACCGTCCGGCGGTATGAC
24,SW_repeat,SW wildcard 60bp,FALSE,Type,CGCSWSWSWSWSWSWSWSWSWSWSWSWSWSWSWSWSWSWSWSWSWSWSWSWSWSWSWSWSWSWGTCACGTGACSWSWSWSWSWSWSWSWSWSWSWSWSWSWSWSWSWSWSWSWSWSWSWSWSWSWSWSWSWSWCGTCCGGCGGTATGAC
25,GC_AT_45bp,CG/AT 45bp,TRUE,Length,CGCCCCAGCACTGCCAAGCGCGCGCGCGCGCGCGCGCGCGCGCGCGCGCGCGCGCGCGCGCGCGTCACGTGACATATATATATATATATATATATATATATATATATATATATATATAAGTTCGGTTTATGAGCGTCCGGCGGTATGAC
26,GA_CT_45bp,AG/CT 45bp,FALSE,Length,CGCCCCAGCACTGCCAAGGGAGAGAGAGAGAGAGAGAGAGAGAGAGAGAGAGAGAGAGAGAGAGTCACGTGACTCTCTCTCTCTCTCTCTCTCTCTCTCTCTCTCTCTCTCTCTCTCTAGTTCGGTTTATGAGCGTCCGGCGGTATGAC
27,ATGC_repeat,ATGC/ATGC 60bp,FALSE,Type,CGCATGCATGCATGCATGCATGCATGCATGCATGCATGCATGCATGCATGCATGCATGCATGCGTCACGTGACGCATGCATGCATGCATGCATGCATGCATGCATGCATGCATGCATGCATGCATGCATGCATCGTCCGGCGGTATGAC
28,GT_AC_30+30+0,GT/AC 30bp distance,FALSE,Distance,CGCGTGTGTGTGTGTGTGTGTGTGTGTGTGTGTGTTGCTTCATCAATCGAATGTCAATACATAGTCACGTGACACGCGGTAGGCTCGCTATCGGCACTTGCGCCACACACACACACACACACACACACACACACGTCCGGCGGTATGAC
29,GT_scrambled_3,GT/AC scrambled 3,FALSE,Fidelity,CGCGTGTGTGTGTGTGTGTGTGTGGGTGGGTGTGTGTGTGTTTGTGTGTTTGTTGGTGTGTGTGTCACGTGACACACACACCAACAAACACACAAACACACACACACCCACCCACACACACACACACACACACCGTCCGGCGGTATGAC
30,Motif_Rand_Flanks5,Motif + random 1,FALSE,Calibration,CGCACAGTCACTTAACGTCACGTGACCGGGGTATTTCAGGTCCGGCGGTATGAC
31,GC_AT_60bp,CG/AT 60bp,FALSE,Type/length,CGCGCGCGCGCGCGCGCGCGCGCGCGCGCGCGCGCGCGCGCGCGCGCGCGCGCGCGCGCGCGCGTCACGTGACATATATATATATATATATATATATATATATATATATATATATATATATATATATATATATCGTCCGGCGGTATGAC
32,GA_CT_60bp,AG/CT 60bp,FALSE,Type/length,CGCGAGAGAGAGAGAGAGAGAGAGAGAGAGAGAGAGAGAGAGAGAGAGAGAGAGAGAGAGAGAGTCACGTGACTCTCTCTCTCTCTCTCTCTCTCTCTCTCTCTCTCTCTCTCTCTCTCTCTCTCTCTCTCTCCGTCCGGCGGTATGAC
33,GTAC_repeat,ACGT/ACGT 60bp,FALSE,Type,CGCGTACGTACGTACGTACGTACGTACGTACGTACGTACGTACGTACGTACGTACGTACGTACGTCACGTGACGTACGTACGTACGTACGTACGTACGTACGTACGTACGTACGTACGTACGTACGTACGTACCGTCCGGCGGTATGAC
34,GT_AC_45+15+0,GT/AC 45bp distance,FALSE,Distance,CGCGTGTGTGTGTGTGTGCCGACGTTAAAACGGGTTGCTTCATCAATCGAATGTCAATACATAGTCACGTGACACGCGGTAGGCTCGCTATCGGCACTTGCGCTTGAGTGCATCGAATACACACACACACACACGTCCGGCGGTATGAC
35,GT_scrambled_4,GT/AC scrambled 4,FALSE,Fidelity,CGCGTGTGTGTGTGTGTGTGTGTGGGGGGGTGTGTGTTTGTTTGTGTGTTTGTTGGTGTGTGTGTCACGTGACACACACACCAACAAACACACAAACAAACACACACCCCCCCACACACACACACACACACACCGTCCGGCGGTATGAC
36,Motif_Rand_Flanks19,Motif + random 3,FALSE,Calibration,CGCCAATTCCGCGTTTGTCACGTGACGACCGGATAGATAGTCCGGCGGTATGAC
37,GT_AC_15bp,GT/AC 15bp,FALSE,Length,CGCCCCAGCACTGCCAAGCCGACGTTAAAACGGGTTGCTTCATCAATCTGTGTGTGTGTGTGTGTCACGTGACACACACACACACACATATCGGCACTTGCGCTTGAGTGCATCGAATAGTTCGGTTTATGAGCGTCCGGCGGTATGAC
38,homopolymer_A,A/A 60bp,FALSE,Type,CGCAAAAAAAAAAAAAAAAAAAAAAAAAAAAAAAAAAAAAAAAAAAAAAAAAAAAAAAAAAAAGTCACGTGACAAAAAAAAAAAAAAAAAAAAAAAAAAAAAAAAAAAAAAAAAAAAAAAAAAAAAAAAAAAACGTCCGGCGGTATGAC
39,GC_AT_10+30+20,CG/AT 10bp distance,TRUE,Distance,CGCCCCAGCACTGCCAAGCCGACGCGCGCGCGCGCGCGCGCGCGCGCGCGCGCTCAATACATAGTCACGTGACACGCGGTAGGTATATATATATATATATATATATATATATACGAATAGTTCGGTTTATGAGCGTCCGGCGGTATGAC
40,GA_CT_10+30+20,AG/CT 10bp distance,FALSE,Distance,CGCCCCAGCACTGCCAAGCCGACGAGAGAGAGAGAGAGAGAGAGAGAGAGAGATCAATACATAGTCACGTGACACGCGGTAGGCTCTCTCTCTCTCTCTCTCTCTCTCTCTCTCGAATAGTTCGGTTTATGAGCGTCCGGCGGTATGAC
41,GT_scrambled_5,GT/AC scrambled 5,FALSE,Fidelity,CGCGTTTGTGTGTGTGTGTGTGTGGGGTGGTGTGTGGTTGTTTGGGTGTTTGTTGGTGTGTGTGTCACGTGACACACACACCAACAAACACCCAAACAACCACACACCACCCCACACACACACACACACAAACCGTCCGGCGGTATGAC
42,Motif_and_repeat_strong_10,Motif + GT/AC repeat 2,FALSE,Calibration,CGCTGTGTGTGTGTGTGTCACGTGACACACAACACACACGTCCGGCGGTATGAC
43,GT_AC_30bp,GT/AC 30bp,FALSE,Length,CGCCCCAGCACTGCCAAGCCGACGTTAAAACGGGTGTGTGTGTGTGTGTGTGTGTGTGTGTGTGTCACGTGACACACACACACACACACACACACACACACACTTGAGTGCATCGAATAGTTCGGTTTATGAGCGTCCGGCGGTATGAC
44,homopolymer_C,C/C 60bp,TRUE,Type,CGCCCCCCCCCCCCCCCCCCCCCCCCCCCCCCCCCCCCCCCCCCCCCCCCCCCCCCCCCCCCCGTCACGTGACCCCCCCCCCCCCCCCCCCCCCCCCCCCCCCCCCCCCCCCCCCCCCCCCCCCCCCCCCCCCCGTCCGGCGGTATGAC
45,GC_AT_20+30+10,CG/AT 20bp distance,TRUE,Distance,CGCCCCAGCACTGGCGCGCGCGCGCGCGCGCGCGCGCGCGCGCCAATCGAATGTCAATACATAGTCACGTGACACGCGGTAGGCTCGCTATCGTATATATATATATATATATATATATATATAGGTTTATGAGCGTCCGGCGGTATGAC
46,GA_CT_20+30+10,AG/CT 20bp distance,FALSE,Distance,CGCCCCAGCACTGGAGAGAGAGAGAGAGAGAGAGAGAGAGAGACAATCGAATGTCAATACATAGTCACGTGACACGCGGTAGGCTCGCTATCGCTCTCTCTCTCTCTCTCTCTCTCTCTCTCTGGTTTATGAGCGTCCGGCGGTATGAC
47,GT_scrambled_6,GT/AC scrambled 6,FALSE,Fidelity,CGCGTTTGTGTGTGTGTGTGTGTGGGGTGGTGTGTGGTTGTTTGGGTGTTTGTTGGTGTGTGTGTCACGTGACACACACACCAACAAACACCCAAACAACCACACACCACCCCACACACACACACACACAAACCGTCCGGCGGTATGAC
48,Motif_and_repeat_strong_14,Motif + CG/AT repeat 1,FALSE,Calibration,CGCGCGCGCGCGCAGAGTCACGTGACTCTATATATATATGTCCGGCGGTATGAC